{
  "generated_at": "2025-08-28T13:46:04.954137",
  "total_experiments": 20,
  "models_tested": [
    "gpt-4o-mini",
    "claude-3-7-sonnet-20250219"
  ],
  "model_performance": {
    "gpt-4o-mini": {
      "experiment_count": 10,
      "unique_bugs_tested": 10,
      "processing_times": [
        14.326790809631348,
        21.720261573791504,
        7.813074111938477,
        11.511606454849243,
        8.693886756896973,
        8.536264657974243,
        9.799961566925049,
        15.958701133728027,
        13.487576723098755,
        13.98096489906311
      ],
      "avg_processing_time": 12.582908868789673,
      "total_processing_time": 125.82908868789673
    },
    "claude-3-7-sonnet-20250219": {
      "experiment_count": 10,
      "unique_bugs_tested": 10,
      "processing_times": [
        24.25757646560669,
        18.680143117904663,
        21.36438512802124,
        16.72237205505371,
        19.073760747909546,
        17.74706244468689,
        17.12322163581848,
        10.210635423660278,
        14.14183497428894,
        22.21103858947754
      ],
      "avg_processing_time": 18.1532030582428,
      "total_processing_time": 181.53203058242798
    }
  },
  "overall_stats": {
    "unique_bugs_tested": 10,
    "overall_avg_time": 15.368055963516236,
    "overall_min_time": 7.813074111938477,
    "overall_max_time": 24.25757646560669,
    "total_processing_time": 307.3611192703247
  },
  "summary": "Comprehensive analysis of 20 experiments across 2 models testing 10 unique bug scenarios"
}